9fdfd2e8badd8ddd5871029fa292ded52e838fa74f0bd1f1cf92c9baef18f0e6,0000000,DELETE
9e2291eaa1a2b080d417f92e9f28177d08891ec78784bfb0836c68057e422e4f,6102479,OVERWRITE
797c2568e4c71628d72d86379d7282ccc8a65a5aa4f13ea28958ae619f1736e8,6089569,OVERWRITE
98f4714e5aade9a9465c99ccb07582aa0309787319074631df4b81f73a499242,6040752,DELETE
f80ab9aa3cb7fe4491a4ebdc98019dd4c82f4d379a59dbcb8abd07f7a4cb04cb,6104673,DELETE
44f52e5539233d05da145d53ba818a62a9ae3734ce57d26bbd9c535e2cfcd126,3830395,OVERWRITE
3aa171f38ff90bd48137dae8bc427ac228a6a68dced7f2a6a1f09b0b7622833b,0132183,DELETE
21e6362e8e6fcec68160497900a820e404ebf15f14d5865a6459f4f11f1ebb5d,6089775,OVERWRITE
c6fa64856c9cd92e3c5ec2a830aba747591e65888a82df4543f4c084ea42f4cf,0132241,OVERWRITE
44276f1883811aa3a4c4ad306f3ccceba2fa7a4fcd2064400c1bacc021975b60,6112601,DELETE
b5efb69fc69345e87aab26f2c40beed9f6e16d3846c5b8b5cf44ab38f9f8096e,6041586,DELETE
98c1a4995042f712acf51889347d73d685fc4379473027d11f4d4dd30678d5f0,6041578,DELETE
b9e8ef3f617c519dc51395cde550533a92202d24a70670ec87f0d0a8062b080e,6040877,DELETE
e98db5b7f456d2a8e47350c952d0e634574d55ece20699b9174a434fe8edfb3f,6041545,DELETE
5711880f8d391afc0a580e1cfac2c06f5475473c6cb4cb9c838ec4336db83423,6059885,DELETE
a3f9d793d33f339fbe45444f62cdb85eeb506d502b736d91baebdef7511338e2,6112601,DELETE
9fcb2c4c5aa1faa4a2c7a384d92af972a57d990df2deb920c99ee867ddb2ed6a,6062046,DELETE
5013932fedc1157319b544fcd18ae749a283971ef91d6ec84c7d2b4d4c2b5123,6041644,DELETE
a37877fd15f880f23937960305bfa2f6ffdb3e52150bd7ea3e4ed2cb821faa69,6040968,DELETE
dd8347c2270f7732b7a664a50904e80aaa051c3608e8ecdf2b40ee680bc2047f,6041008,DELETE
d388fcfa3bafa1f77cd4ff26ca15c00b9e858d87e1e17b28574f15a7915f620d,6041289,DELETE
e372d38bbc0d25217f22c4568fe6688df8f6ce9a296799d196b727469846a47b,6040752,KEEP
19c4204704adb9868eb23780ee585451e596feb8346812a18382a2a108a991be,0102103,DELETE
f948b5c086e43e7f885e93a8bd9d3cb8bb7f50388fd0751ab42e10ee76febfb0,3831765,KEEP
e5ad922242f5110e8656a050a9affc0e595fcc42cbbbc6f7a5bc2bb7f6f30edb,6102479,KEEP
8469df4aef8c961708694669f2fa3c1915213885998b4bf07680ceab68592dfd,0101337,DELETE
23252c21198d5083ffb68cfc1d0df7d68d9714f137f78e1cf466b5a61cd7ea46,6041487,KEEP
ca1ead6e4f64c37a17996ece4730a963ac39f4666f8ee366ad56d6141df823b5,3830205,KEEP
339a90c8d9ea0a82d9df5c906869ea81439955a002af994d95f23dca581b693b,3830403,KEEP
0c4b161084ef54ba61ae57052e3ac6e35d5148de8818d86ea361630685243178,3833241,KEEP
c0d71d4b3424330e859af795dc21033a1fe0182e6e570c68ebce079c0f6c6498,6089775,KEEP
8cd4d08fde061e336332a50efe190a9e11c3e9e50d4bff70e2a7370b6c6f94b3,6113245,OVERWRITE
4a93ab063544b8a733c4f0a5ccb051db32d415d8cc61d64bc90cbb4eb21e7ad5,3830031,KEEP
a46e33875ba614cd6cbf9849fb8a8933b37cec9366092ad6dfadb8808d27a534,3830387,KEEP
b9ea67e0658444b072448d8aa802fb232244de5dc2d42eb5c54c7f26c899afa5,6041230,KEEP
b544b155c1a2a56787bc1e0c997d51970a7c3c11e32cec4f578b0920a896fa10,6041149,KEEP
5ff7bbf316f58da7a03b4c98f69c7b50a41e1b2d2e14f75aaa40443ddd34f8be,6059851,KEEP
bdf776a1884ab3d54476b92cc4ee52dd3fd1932aabfedbae1434e37fa6b4050f,6059869,KEEP
567e68a84680fcef1fe319300be6676736d25e6b0d368419cdfad9ff85cbb7a3,6041602,KEEP
b2557ba0858282900265a54f93085c897f56fcc6eabeab08c2d1ca7fa7eafab1,6062053,KEEP
d04ad02d7f7b611ae7a578c45ee43d893c02fdf927985ce3cee2f10bcd6be0cb,3839081,KEEP
9fe2415729652e916c30daab2b34ce518b831fb6bf2eeabb7856a32310b5146a,3834769,KEEP
240d064dc7020ef1cf1d37cc7c4699e0a7223dc8744ae089c8ea0a74e115a764,6059828,KEEP
bf5773d0002e0f63d710a40d506b0ed673d8751c894ef89bcd05890b8991bcd6,6040737,KEEP
1fd17973ed29be51baf7a240bfcfe631831a1319218ff86832975faa6d6b9d05,6040893,KEEP
65b229e703d6e72a319fc84d2b71cb7c2b99e55734ca62c90d7fe8392bebf0b3,6040984,KEEP
17950a0df1633277bb2e82111478c3451d9aaab8cc822a1ff11273854c8d005a,6040943,OVERWRITE
7bf8821706ea1825185d95428d758107c21ee384bd9f4482ebfe9fa3d1b47b50,6041065,KEEP
aaa2e03b225771a4bc0e809e8c2180f952d64b68a04f32a42a737fd45472fed6,6041255,KEEP
10711a6ae8ec0c15ef375ce6ebfd1a3cc6eb7a9781185d2d5dd380cb28955929,6041529,KEEP
5424c28b588ee21fdabe442486f523daf4135ed16d1aa158b3ad9121a0e44f96,6099154,KEEP
07a2c9a50c37c0a7e11ee4cd8d14c6f9a68cf095205e329eaefa809c1e0ec805,6040760,KEEP
f23a3698c91f96fd841c04d6f7549e7a4c1afcb780a2a5e5bde83662d5a19c5a,0111427,KEEP
ebc2a954f7487f2fabde1a911d1bf0ef1e2e76fffaffcca712a3dbb8e60192e8,6040877,KEEP
e6c1d8e75fd80fdb55009f47748c45396051385157c5b590da53dc702e934280,6041503,KEEP
2bba8082a3560b414862caa77fcb1eef1d9cb743f981c143fda0525d0817580b,6041016,KEEP
21080dee2dd5018dfe2393357ee64e9d21febbe932a802b6b7cab5e6cdd774db,6041206,KEEP
b97d3dab174310b7695503c2b12dbd93708e0ca3c129bfeda02bb098d606e21e,6041271,KEEP
e8b60c37036fdf165269175966c4b8693201736806de27c1607dee9642c2c7dc,6041289,KEEP
d8cc41bf416019d5c4a7a18c39874f573cef5c2983dc948ef92a4dcd9b0ffc75,6041586,KEEP
9ebad2056801fcb42988b30f714d1b0135b3936d0b20ffc125c0d173a9cd8ad9,6041131,KEEP
f662d678205d06502802256d9578920fa540d749cc9cf12433ae5da20f9026a9,6040851,KEEP
004f645fb37cbc79b081d71b7788e33e44214534e2fd350fe1b86c681596839d,6040919,KEEP
0b98982a8ec24f6ce1dc1023f6a1d963c52be1bb7d4d574305c8f069d4799783,6041347,KEEP
c558554da482ae8970d4d1dceb7f4f2636db8487a20ccb9b0ddf0e8a8c40dbb9,0119958,KEEP
7118e1a6a7989410dc11a104aac4a23578ee343abb929fab012d77c3db0d2bb7,3830361,KEEP
738229c24453ace4864acebaf3762bda3d700a6d0347cf428cf4fc7d58901de7,6040968,KEEP
ec27abfc0a4c2d549edcb2ce6ff2dbf2720359e515793cbd93501a91392a1862,0119875,KEEP
b1e663356dd6932f54d9744f01b70b1288521060e7c11df241c3f376642bf0e7,6115901,KEEP
90714f8c8333f6adbdf57d5d68659384bf74515f0503eda31b9a9902f02e4ef3,3830445,KEEP
96521f27311e41387e6569c09c9b778469f266f58fb0d443ac34736bbb540ba6,6113252,KEEP
a336c2e6532be7c5c5815f3c77fc3baf09843be83fde8b7439175c88fae6b94e,6097919,KEEP
0ed559fcbbeff3308211f74f49e706387cca103df04a29a94cda64367c96020b,6059885,KEEP
60a350050e3c89b86985b077e912dc9943d844268b666ac4c5e935abb753a49a,6093496,KEEP
30cba3ded4809e04bf8fa11d8a42177bd3155b8f896938783da36f02bf65b1c2,3830254,KEEP
85b459f49d52e99a8b8dcc1076a97184d6d68b1b74b89764124e040a10717881,6041339,KEEP
e1afd554a2a1da64d4b37e8be77f895d508d37def78e77b9dd1ad313316be5cc,6089585,KEEP
2ae47aac0259a900a96b261d8cad55abc9bb8c3cfddb3608cb23a575d691a8a6,6041008,KEEP
74c6df7aa37f2c17f71d1654a9902778284a2e41bb991eb5a8a7d30acad37c49,6062046,KEEP
712bc4d216bc057fe2617f6f79f8238670a03f581f5b0c7f29a7cb7cfc43aa99,3830288,KEEP
3072d6dfed97e1624617ed5a286f80f54ecf7a24793cfc3760ce1620b995e9c8,3833407,KEEP
a92b8f88b588f3b96fe6f9c08e2c672629b933bea173f401708b6ad72fc6a728,6041594,KEEP
16f2ca320f600af4e393228593bb0d37f3847caca09d2f647454646a6a9c85be,6062020,KEEP
0064575b0e9ae5d23b6a61e00dd68f9544af79ec0cb4330221a73e23bf4b4288,3834082,KEEP
fa496f1f278cbca78d7a74ed2856aa316eb64e1acaef0980685ff364d9e549eb,6093488,KEEP
b05d981d894e48a406e16cbf4569bd03189d6ea167d66c8b6959de1357cd2f10,3830064,KEEP
0b2dec4aad5af645f75e4c14c9734f72743b4318fa9fdd96cda00a4285c54402,6062061,KEEP
568184fd450d4b8f03b471332fd6f8ccde191526b86347f5dc11d756a14f31bb,6062038,KEEP
d3781e91ad31629de8f817eb4fdb21c289442006e16ad3d9cf6882abd1a75dce,0102103,KEEP
d1a0163e813ea6302960ff49480dac2b11eae4ad1d104885d5695006370e41ed,6062079,KEEP
0350a15e84e4e88636ee519db9c1ebad2abaadb0587d57d6c9c26f2be52bc968,6040695,KEEP
8ca7e1e98206f4671fc092d5531efe4d9247ff95bc96e84a37af504aa4c2a7a0,6059844,KEEP
6c55c6b95d99822f41abcbd16c5d5cd7f6ce7d20f85ba7ec83975dd3b22b333d,6059901,KEEP
e1db01050c6e3321f78dfdee06d0e164ef0adc2d274ecc0ad7cbbf5df31570e5,6041644,KEEP
b01bd9f6fd24e6ffde4f6c46891ed9664600118e0913d5194732de686cf1964f,6041685,KEEP
e836ec8b767405aa739b0a39f161a9b5776b24484ffcaba5133bb75671a61cac,6040778,KEEP
3c983bcdf9d15d8bb0872c26b5f591b1acd810fc6f334a17038952ba44d407ba,3830197,KEEP
512bb7adb6264a8b4249fe7f65b5b031067ff6f3e05e092b71fd6a2fe0064e7c,6041446,KEEP
edfeff02b90c947b1f3f238616b0208e3a11ac0cf4116767755f637a02fab38e,6113997,KEEP
be26e7ff5d5f5382069d891a575cfb0be8440f9da64a5fed7f9cfd8c255d9b0d,6040703,KEEP
2df3c5ce4c5918ecd3938846a58dc21a03371619715f680e96b5bbe5270e58df,6041040,KEEP
88755d6ef2685f7593115256d1bf6e8b3e6c61044b9ecc302dd94911e0bdd107,6041115,KEEP
c6ba1e936b7a7b207eb13d9c708a7f2247b20b43ec1cd48df078f711281d7348,6041412,KEEP
3f52fa226ffa1d6c26ff15d9e87bbfd91853a32ffa46548b65e2bb05e41bcfff,6041420,KEEP
e646b8bb3a808da2eac8682c296db8f6df7c6917b769e5316d921587fa205f24,6041438,KEEP
15aff8e576f6f58f35d7f8c0a25531c9282f3dbdc9934f0038507a7abcde3aac,6041511,KEEP
8d2523bcd78f516361f204dea4ea514a341cd853caede7d50770716b3778691b,6041545,KEEP
d72f81ef62efd740d292eed68584455abbd09e537adb4cc0f6ba65c7bd14ada2,6041560,KEEP
cea924ea602c31ac3f911a84feab212146f52b5f8a91468df6b63f90dd4d8f08,6041578,KEEP
83de857655ef277fadab8dafd9d6e15ab06efc150553ce4ce7b10c214ff8291b,6040836,KEEP
207e8315081947e3709cbb9774eea5e44da088c3c04b27a7526cee4f69e37084,6104673,KEEP
fccddfd1820dac1916d58193dc020c29cadefc02c94b1c69da5b0af74d4496c7,6040950,KEEP
cd4a6d43eff3711f7004efa274af7425ca201f1dade525128e58556cfea49ee7,6041073,KEEP
a4e76c55b1471f476a8970f753fc34ec0562abd8d1d172d24aadf012c72ffa15,6041123,KEEP
d3475937a6ca51bf54bd6d7543e3293e84b98478bdbad81a6d5dee3c95ec8894,6041156,KEEP
2c156f66f9828ecc661090f87ac174b3c3882d884866accb222f82bf12dbeb16,6041230,KEEP
515c31bff19e2cd6667145fa6edd3b9b7924ffeefaee2d28b05927e3a93208b6,6041305,KEEP
996d10af8ecbd540e178e06ab41441617453e819fa4240e54b1a9932985a20f8,6041610,KEEP
7ee9edeb66ae114db20b1806c71bd30b1bec0e7974a248c5baf7196de96434c3,6041362,KEEP
c5d65e0d4e041143af03da098eacbc63c471a107f109a0f50a18bedec90f60e0,6041727,KEEP
e78c0bda61385f3ab9f02ea4b1eee41b8c4dae88839411d3c237e73fd7b2099b,6059919,KEEP
4916f2b57b93df52399710951ec150d1f32f5598e0951d403350a88a342d597c,6041701,KEEP
ae241faa227cda804ad55df6d321bac9ec3f4beb704aca0bc4bdedaf55c17c06,0120386,KEEP
235d268b198e666ab94f984e2f304a6f4253644aec17b47ccd55f74495a2d87b,6040828,KEEP
e22b43aabaac6d41fcc9cf611fcbfe240b9a6b454db816811384c23af54bc4b6,6041321,KEEP
43481757c8102462b85304ee7ac655c7f734b8aed614e974a4b35c86af316a7d,0123117,KEEP
